KATL,KBOS,1521.5537972936816,2302,2a3f5e00-7410-4f45-9eb1-daef3093c824
KATL,KDFW,1174.5318236036762,1625,0ab2647f-14e1-4c01-9daa-725f9584ff02
KATL,KDFW,1174.5318236036762,1625,0ab2647f-14e1-4c01-9daa-725f9584ff02
KATL,KEWR,1199.3163607861425,0216,bfa5ea02-8df8-4cc9-aab2-9ca67fd3df0b
KATL,KEWR,1199.3163607861425,0216,bfa5ea02-8df8-4cc9-aab2-9ca67fd3df0b
KATL,KIAH,1107.5625747320169,0155,3f6621f1-b07f-4b4b-a456-3442113088cf
KATL,KIAH,1107.5625747320169,0155,3f6621f1-b07f-4b4b-a456-3442113088cf
KATL,KIAH,1107.5625747320169,1344,33dc94a6-20c4-4ada-b36f-6cf7fd5f0fb2
KATL,KIAH,1107.5625747320169,1344,33dc94a6-20c4-4ada-b36f-6cf7fd5f0fb2
KATL,KLAS,2804.8279085707227,0111,0e57dffb-6fd0-42ab-a6a2-fb8dd8049b98
KATL,KLAS,2804.8279085707227,0111,0e57dffb-6fd0-42ab-a6a2-fb8dd8049b98
KATL,KLAS,2804.8279085707227,0309,100fb969-d84b-4d87-956f-15e53c1e450c
KATL,KLAS,2804.8279085707227,0309,100fb969-d84b-4d87-956f-15e53c1e450c
KATL,KLGA,1224.8675522038163,0021,45687652-a892-4574-9448-dd8723d85c25
KATL,KLGA,1224.8675522038163,0021,45687652-a892-4574-9448-dd8723d85c25
KATL,KLGA,1224.8675522038163,0312,0239acc7-01bf-4afd-867b-f607bfef9fee
KATL,KLGA,1224.8675522038163,0312,0239acc7-01bf-4afd-867b-f607bfef9fee
KATL,KMIA,959.0645602676876,0617,eb111704-b237-4ff2-b34f-94635958c3cc
KATL,KMIA,959.0645602676876,0617,eb111704-b237-4ff2-b34f-94635958c3cc
KATL,KMIA,959.0645602676876,2034,6907eabc-f2d3-403d-b7c6-dacf7176a477
KATL,KMIA,959.0645602676876,2034,6907eabc-f2d3-403d-b7c6-dacf7176a477
KATL,KORD,976.3278291656198,1226,aebac01c-ea2d-48cc-974a-2a1e3fe8aa6f
KATL,KORD,976.3278291656198,1226,aebac01c-ea2d-48cc-974a-2a1e3fe8aa6f
KATL,KORD,976.3278291656198,1359,99a42ef5-c802-44c6-a0d0-fbae3c0fd866
KATL,KORD,976.3278291656198,1359,99a42ef5-c802-44c6-a0d0-fbae3c0fd866
KATL,KSEA,3504.977057741039,1816,bc5b2e8d-7c69-4093-aa3a-df91805fa4e9
KATL,KSEA,3504.977057741039,1816,bc5b2e8d-7c69-4093-aa3a-df91805fa4e9
KATL,KSFO,3434.718035567292,0151,e4eb306d-81b6-4364-9c57-f2759ec17c06
KATL,KSFO,3434.718035567292,0151,e4eb306d-81b6-4364-9c57-f2759ec17c06
KBOS,KATL,1521.5537972936816,2302,320886bd-d922-4319-873e-e60b1d9ebc57
KBOS,KATL,1521.5537972936816,2302,320886bd-d922-4319-873e-e60b1d9ebc57
KBOS,KCLT,1170.6751578578744,0902,f5b3828c-2520-4f07-bbb1-bed7ff5d6fe0
KBOS,KCLT,1170.6751578578744,0902,f5b3828c-2520-4f07-bbb1-bed7ff5d6fe0
KBOS,KDEN,2815.7313497633672,0317,2fad8613-e6e5-4a3c-8ac5-ea51ebcd5ecf
KBOS,KDEN,2815.7313497633672,0317,2fad8613-e6e5-4a3c-8ac5-ea51ebcd5ecf
KBOS,KDTW,1014.9910208155021,0645,3b1aabd3-b945-42c9-b9a1-6a991393051d
KBOS,KDTW,1014.9910208155021,0645,3b1aabd3-b945-42c9-b9a1-6a991393051d
KBOS,KEWR,322.3062037099775,1927,6ee4c564-0864-44cd-b60f-b8857937c3a5
KBOS,KEWR,322.3062037099775,1927,6ee4c564-0864-44cd-b60f-b8857937c3a5
KBOS,KIAH,2567.6454490128713,0257,6386826d-72e5-4819-838f-ab7ee95fd83b
KBOS,KIAH,2567.6454490128713,0257,6386826d-72e5-4819-838f-ab7ee95fd83b
KBOS,KJFK,300.1780016819811,1009,3337e4eb-bd9f-4a6d-9948-d488728a6917
KBOS,KJFK,300.1780016819811,1009,3337e4eb-bd9f-4a6d-9948-d488728a6917
KBOS,KJFK,300.1780016819811,1455,4113909e-c057-4d35-9459-21f7d628c063
KBOS,KJFK,300.1780016819811,1455,4113909e-c057-4d35-9459-21f7d628c063
KBOS,KLAS,3822.6708654655627,0827,e28f95ae-e925-4b3c-9dc0-b47997617b7f
KBOS,KLAS,3822.6708654655627,0827,e28f95ae-e925-4b3c-9dc0-b47997617b7f
KBOS,KMCO,1805.974795403886,2313,5a592c04-797c-49bd-88bf-c94ed3d5b3da
KBOS,KMCO,1805.974795403886,2313,5a592c04-797c-49bd-88bf-c94ed3d5b3da
KBOS,KMIA,2028.2815777870655,0916,e8a55f77-7a7a-4261-888d-873ac3ab592b
KBOS,KMIA,2028.2815777870655,0916,e8a55f77-7a7a-4261-888d-873ac3ab592b
KBOS,KPHX,3693.222935876034,1917,1d27ccb5-2727-4e4d-b0df-9ad259f69ec5
KBOS,KPHX,3693.222935876034,1917,1d27ccb5-2727-4e4d-b0df-9ad259f69ec5
KBOS,KSEA,4005.5088427938476,1735,11829091-eff8-41cc-add9-10c13f08dc0f
KBOS,KSEA,4005.5088427938476,1735,11829091-eff8-41cc-add9-10c13f08dc0f
KBOS,KSFO,4341.2416475554055,1319,5eb6d2bc-b1a2-4dcb-a914-f785093eb073
KBOS,KSFO,4341.2416475554055,1319,5eb6d2bc-b1a2-4dcb-a914-f785093eb073
KCLT,KATL,364.56708046971005,1055,0176c2ac-ebec-423f-ac91-81bc09132d21
KCLT,KATL,364.56708046971005,1055,0176c2ac-ebec-423f-ac91-81bc09132d21
KCLT,KBOS,1170.6751578578744,0730,18760638-4c5f-417f-a162-a3c337188e15
KCLT,KBOS,1170.6751578578744,0730,18760638-4c5f-417f-a162-a3c337188e15
KCLT,KBOS,1170.6751578578744,0828,fb9bba96-84e2-4f25-9d0c-08c712d4c338
KCLT,KBOS,1170.6751578578744,0828,fb9bba96-84e2-4f25-9d0c-08c712d4c338
KCLT,KCLT,0.0,1413,8b2b5108-e115-4b57-bd72-bb7c0e07a6c8
KCLT,KCLT,0.0,1413,8b2b5108-e115-4b57-bd72-bb7c0e07a6c8
KCLT,KDEN,2148.2020906780535,1800,cf047b45-0c2e-4ad4-b6a4-ca759f5e2a09
KCLT,KDEN,2148.2020906780535,1800,cf047b45-0c2e-4ad4-b6a4-ca759f5e2a09
KCLT,KDFW,1503.206927956551,2325,1371d467-54e3-46dd-9ec0-cab65225dac5
KCLT,KDFW,1503.206927956551,2325,1371d467-54e3-46dd-9ec0-cab65225dac5
KCLT,KDTW,805.6961397417942,1820,d0128528-52ac-4baa-b717-c8b57bbdbaf5
KCLT,KDTW,805.6961397417942,1820,d0128528-52ac-4baa-b717-c8b57bbdbaf5
KCLT,KEWR,850.2864002263818,0456,c9438814-be7b-42ae-971e-3b0cc2bf8a30
KCLT,KEWR,850.2864002263818,0456,c9438814-be7b-42ae-971e-3b0cc2bf8a30
KCLT,KEWR,850.2864002263818,1400,c8c63f12-f567-47ff-a8cb-bed778c08db2
KCLT,KEWR,850.2864002263818,1400,c8c63f12-f567-47ff-a8cb-bed778c08db2
KCLT,KIAH,1466.8967049032817,0728,688101a2-3c57-428d-a232-e02331e61307
KCLT,KIAH,1466.8967049032817,0728,688101a2-3c57-428d-a232-e02331e61307
KCLT,KIAH,1466.8967049032817,1452,02a27f0c-d1e1-4d58-8d24-1c0636526521
KCLT,KIAH,1466.8967049032817,1452,02a27f0c-d1e1-4d58-8d24-1c0636526521
KCLT,KIAH,1466.8967049032817,2045,b6500d57-260e-44d4-9b2d-8a0f95ee87d3
KCLT,KIAH,1466.8967049032817,2045,b6500d57-260e-44d4-9b2d-8a0f95ee87d3
KCLT,KJFK,870.529218176758,0330,fc7dad79-60a3-49e6-96d1-5f7be3238b92
KCLT,KJFK,870.529218176758,0330,fc7dad79-60a3-49e6-96d1-5f7be3238b92
KCLT,KLAS,3076.587695800184,0139,60110ce4-6a32-43d2-91e3-743d4ebda13d
KCLT,KLAS,3076.587695800184,0139,60110ce4-6a32-43d2-91e3-743d4ebda13d
KCLT,KMIA,1049.4002851037626,0653,57e4930d-f760-4de4-9542-1887e60535ea
KCLT,KMIA,1049.4002851037626,0653,57e4930d-f760-4de4-9542-1887e60535ea
KCLT,KORD,964.5786715815266,0632,5cb7bf89-e75d-49e7-96a0-0e8ce9f5349b
KCLT,KORD,964.5786715815266,0632,5cb7bf89-e75d-49e7-96a0-0e8ce9f5349b
KCLT,KORD,964.5786715815266,1521,c8bff388-2397-4ac3-b417-2742d41d2a23
KCLT,KORD,964.5786715815266,1521,c8bff388-2397-4ac3-b417-2742d41d2a23
KCLT,KORD,964.5786715815266,1751,582061df-f092-4535-8c54-4c1511e07944
KCLT,KORD,964.5786715815266,1751,582061df-f092-4535-8c54-4c1511e07944
KCLT,KPHX,2847.8064005389338,1130,5da284ca-1743-4b8a-8600-52b44de445fe
KCLT,KPHX,2847.8064005389338,1130,5da284ca-1743-4b8a-8600-52b44de445fe
KDEN,KBOS,2815.7313497633672,2047,cc9844a8-06f6-4f27-9912-92e96d7bd0cd
KDEN,KBOS,2815.7313497633672,2047,cc9844a8-06f6-4f27-9912-92e96d7bd0cd
KDEN,KEWR,2576.406451391959,0558,c7e6f3d6-155d-49e3-a90c-ca5e6e717cec
KDEN,KEWR,2576.406451391959,0558,c7e6f3d6-155d-49e3-a90c-ca5e6e717cec
KDEN,KLAS,1009.36461886099,1221,0614f86b-b1e0-4a50-805e-30374e1a19c2
KDEN,KLAS,1009.36461886099,1221,0614f86b-b1e0-4a50-805e-30374e1a19c2
KDEN,KPHL,2500.3905990396734,1836,37f00e60-b4a9-4342-9249-820fa3cab7b0
KDEN,KPHL,2500.3905990396734,1836,37f00e60-b4a9-4342-9249-820fa3cab7b0
KDEN,KSEA,1645.0658311574025,0802,bbd81009-717e-4378-b83c-d9e1c451e34f
KDEN,KSEA,1645.0658311574025,0802,bbd81009-717e-4378-b83c-d9e1c451e34f
KDEN,KSEA,1645.0658311574025,1246,22eae94f-5fe2-4cfb-9a4d-61e70800abf5
KDEN,KSEA,1645.0658311574025,1246,22eae94f-5fe2-4cfb-9a4d-61e70800abf5
KDFW,KCLT,1503.206927956551,0913,e4d9e4cf-72eb-4ece-aca0-9b6d3b905db1
KDFW,KCLT,1503.206927956551,0913,e4d9e4cf-72eb-4ece-aca0-9b6d3b905db1
KDFW,KDEN,1032.0980058772266,2334,311c33f2-e8bb-46a3-993d-539f8d9b92b1
KDFW,KDEN,1032.0980058772266,2334,311c33f2-e8bb-46a3-993d-539f8d9b92b1
KDFW,KDFW,0.0,1913,da17a500-6313-4cb0-9e14-fdabac82bde5
KDFW,KDFW,0.0,1913,da17a500-6313-4cb0-9e14-fdabac82bde5
KDFW,KDTW,1586.418821695054,1606,75044904-5e16-4ac3-9688-0edd53ec8142
KDFW,KDTW,1586.418821695054,1606,75044904-5e16-4ac3-9688-0edd53ec8142
KDFW,KEWR,2204.7901525495004,0215,743894c2-1f4f-4ac7-9228-13fbf9c544ae
KDFW,KEWR,2204.7901525495004,0215,743894c2-1f4f-4ac7-9228-13fbf9c544ae
KDFW,KEWR,2204.7901525495004,1153,a2afcc18-4828-4aba-9b40-7f3f06a232d5
KDFW,KEWR,2204.7901525495004,1153,a2afcc18-4828-4aba-9b40-7f3f06a232d5
KDFW,KIAH,361.6206145445653,0823,579edb4e-3c0a-48e7-abc0-a3e75ff6c0bc
KDFW,KIAH,361.6206145445653,0823,579edb4e-3c0a-48e7-abc0-a3e75ff6c0bc
KDFW,KJFK,2234.896143384914,0537,993c2367-5f07-464c-bd5e-563fccadedc7
KDFW,KJFK,2234.896143384914,0537,993c2367-5f07-464c-bd5e-563fccadedc7
KDFW,KLAX,1983.1744661583682,0402,7dc7c23d-5d60-4b7e-934b-7946f4fbb746
KDFW,KLAX,1983.1744661583682,0402,7dc7c23d-5d60-4b7e-934b-7946f4fbb746
KDFW,KLAX,1983.1744661583682,1034,d2576685-bc55-462d-9283-fc2c7963227c
KDFW,KLAX,1983.1744661583682,1034,d2576685-bc55-462d-9283-fc2c7963227c
KDFW,KLAX,1983.1744661583682,1313,4f787033-fec2-4b0b-acfe-2aff410a376c
KDFW,KLAX,1983.1744661583682,1313,4f787033-fec2-4b0b-acfe-2aff410a376c
KDFW,KPHL,2092.876657597348,2409,a08c4d41-4bde-4f87-9a96-00c0b8481b5c
KDFW,KPHL,2092.876657597348,2409,a08c4d41-4bde-4f87-9a96-00c0b8481b5c
KDFW,KSEA,2668.152986614267,0952,e2999925-b0d6-452d-877c-9dfcf05ccacc
KDFW,KSEA,2668.152986614267,0952,e2999925-b0d6-452d-877c-9dfcf05ccacc
KDTW,KBOS,1014.9910208155021,1120,5a05a9cd-1f9a-4b31-90af-de4a25e69b56
KDTW,KBOS,1014.9910208155021,1120,5a05a9cd-1f9a-4b31-90af-de4a25e69b56
KDTW,KBOS,1014.9910208155021,1815,201ee98a-ad7c-470b-8d45-a08c2040e2ce
KDTW,KBOS,1014.9910208155021,1815,201ee98a-ad7c-470b-8d45-a08c2040e2ce
KDTW,KCLT,805.6961397417942,0345,437274c0-3399-4e74-b29b-3e0980d7abcd
KDTW,KCLT,805.6961397417942,0345,437274c0-3399-4e74-b29b-3e0980d7abcd
KDTW,KCLT,805.6961397417942,2241,04b5dea7-dd04-4ac8-852c-9dccd04d2226
KDTW,KCLT,805.6961397417942,2241,04b5dea7-dd04-4ac8-852c-9dccd04d2226
KDTW,KDEN,1802.2967614438512,0938,80abec3c-f6a6-428a-8a2b-a1b7c6bbc9fe
KDTW,KDEN,1802.2967614438512,0938,80abec3c-f6a6-428a-8a2b-a1b7c6bbc9fe
KDTW,KDEN,1802.2967614438512,2030,e0a527e1-ea97-440b-a503-78ac6cc0a91a
KDTW,KDEN,1802.2967614438512,2030,e0a527e1-ea97-440b-a503-78ac6cc0a91a
KDTW,KDFW,1586.418821695054,1745,f530452a-72e4-44f7-92ca-792227916fd8
KDTW,KDFW,1586.418821695054,1745,f530452a-72e4-44f7-92ca-792227916fd8
KDTW,KDTW,0.0,2450,6fd20871-bfd4-4b8a-9a5b-86bd879becec
KDTW,KDTW,0.0,2450,6fd20871-bfd4-4b8a-9a5b-86bd879becec
KDTW,KIAD,616.2903979832973,0257,1ce5e75e-ab4e-4e2f-8759-e3c5feb86454
KDTW,KIAD,616.2903979832973,0257,1ce5e75e-ab4e-4e2f-8759-e3c5feb86454
KDTW,KIAH,1730.8726863397037,2313,2a128724-6e8f-41bd-87ea-b2398356d63c
KDTW,KIAH,1730.8726863397037,2313,2a128724-6e8f-41bd-87ea-b2398356d63c
KDTW,KLAX,3178.0380987624653,1215,85e2d5ae-de07-4952-bc90-359a3fd9d00d
KDTW,KLAX,3178.0380987624653,1215,85e2d5ae-de07-4952-bc90-359a3fd9d00d
KDTW,KMCO,1543.647219631573,0818,c734398d-2ed1-4dbd-8044-502e5d16df05
KDTW,KMCO,1543.647219631573,0818,c734398d-2ed1-4dbd-8044-502e5d16df05
KDTW,KMIA,1847.0804967090644,1445,902f8a67-13e6-42d6-8007-ab6c6c461feb
KDTW,KMIA,1847.0804967090644,1445,902f8a67-13e6-42d6-8007-ab6c6c461feb
KDTW,KMIA,1847.0804967090644,2226,a584024f-09ad-4bfa-aa76-060708b9372f
KDTW,KMIA,1847.0804967090644,2226,a584024f-09ad-4bfa-aa76-060708b9372f
KDTW,KPHX,2683.433053333627,1238,d3debbbd-fc0d-4b8e-a9b7-032215d634a5
KDTW,KPHX,2683.433053333627,1238,d3debbbd-fc0d-4b8e-a9b7-032215d634a5
KDTW,KSEA,3093.007554468967,0226,304d0dbd-ab72-4093-9628-d320d4911b9d
KDTW,KSEA,3093.007554468967,0226,304d0dbd-ab72-4093-9628-d320d4911b9d
KDTW,KSFO,3337.345391123202,0315,2914697c-155f-4797-8f18-f38caf2a6e0f
KDTW,KSFO,3337.345391123202,0315,2914697c-155f-4797-8f18-f38caf2a6e0f
KEWR,KCLT,850.2864002263818,0813,29256c88-0bc6-4b68-9bfd-1cd9c7b03a01
KEWR,KCLT,850.2864002263818,0813,29256c88-0bc6-4b68-9bfd-1cd9c7b03a01
KEWR,KCLT,850.2864002263818,1149,fed52a5a-a9bf-4f6d-956b-5f688d7fa111
KEWR,KCLT,850.2864002263818,1149,fed52a5a-a9bf-4f6d-956b-5f688d7fa111
KEWR,KDFW,2204.7901525495004,1043,515f5ad5-60a5-4a0b-a8b1-6188466b6de9
KEWR,KDFW,2204.7901525495004,1043,515f5ad5-60a5-4a0b-a8b1-6188466b6de9
KEWR,KDTW,783.4745573233106,2426,84f602da-3359-4f07-a971-3977cf3291b7
KEWR,KDTW,783.4745573233106,2426,84f602da-3359-4f07-a971-3977cf3291b7
KEWR,KEWR,0.0,1444,8eaefb84-bece-4e5c-9d0f-a17657b999cd
KEWR,KEWR,0.0,1444,8eaefb84-bece-4e5c-9d0f-a17657b999cd
KEWR,KEWR,0.0,2305,56c71d84-75e9-49ad-9733-53c7fc43a595
KEWR,KEWR,0.0,2305,56c71d84-75e9-49ad-9733-53c7fc43a595
KEWR,KIAH,2250.545096301206,0124,f15286eb-0f12-4c9d-bc8a-02f5adfbc982
KEWR,KIAH,2250.545096301206,0124,f15286eb-0f12-4c9d-bc8a-02f5adfbc982
KEWR,KLGA,26.667125367006612,0917,c3981bbb-d660-4031-bbd9-11aa82a5f388
KEWR,KLGA,26.667125367006612,0917,c3981bbb-d660-4031-bbd9-11aa82a5f388
KEWR,KORD,1154.4536488411939,1521,04528903-ffd7-4338-bc9f-3cf8a82002f6
KEWR,KORD,1154.4536488411939,1521,04528903-ffd7-4338-bc9f-3cf8a82002f6
KEWR,KORD,1154.4536488411939,2325,6704cc52-646c-466a-aa35-f02311a71838
KEWR,KORD,1154.4536488411939,2325,6704cc52-646c-466a-aa35-f02311a71838
KEWR,KPHX,3424.8064638792853,0021,d9fb6d09-2f9d-402f-8ac6-38dfd752d13f
KEWR,KPHX,3424.8064638792853,0021,d9fb6d09-2f9d-402f-8ac6-38dfd752d13f
KIAD,KATL,859.0311580773126,2109,4f2bcc11-d7e1-4003-8474-c92ffb97ece9
KIAD,KATL,859.0311580773126,2109,4f2bcc11-d7e1-4003-8474-c92ffb97ece9
KIAD,KATL,859.0311580773126,2320,d34c8d8d-f400-4ce5-8952-9dcf060bc56f
KIAD,KATL,859.0311580773126,2320,d34c8d8d-f400-4ce5-8952-9dcf060bc56f
KIAD,KBOS,663.5496609906668,2149,3e615213-9f29-43a2-925d-0a0dc97f5e7c
KIAD,KBOS,663.5496609906668,2149,3e615213-9f29-43a2-925d-0a0dc97f5e7c
KIAD,KCLT,517.3710631196465,0124,f5b3c8fb-bd10-498d-87ad-e6f7dedd1652
KIAD,KCLT,517.3710631196465,0124,f5b3c8fb-bd10-498d-87ad-e6f7dedd1652
KIAD,KCLT,517.3710631196465,1229,42120cb9-94f7-46aa-a863-49dc45db8df5
KIAD,KCLT,517.3710631196465,1229,42120cb9-94f7-46aa-a863-49dc45db8df5
KIAD,KCLT,517.3710631196465,1622,21e94ecd-51bc-4524-8a98-64de243985cf
KIAD,KCLT,517.3710631196465,1622,21e94ecd-51bc-4524-8a98-64de243985cf
KIAD,KDFW,1882.4779249885146,1130,76fd971b-d131-41d0-a84c-db46a1a76c72
KIAD,KDFW,1882.4779249885146,1130,76fd971b-d131-41d0-a84c-db46a1a76c72
KIAD,KIAD,0.0,1551,c132d3fd-029b-43f8-92a8-e97e841ffb8a
KIAD,KIAD,0.0,1551,c132d3fd-029b-43f8-92a8-e97e841ffb8a
KIAD,KLAS,3316.447506490472,1142,030e916c-022b-4397-8cfd-f5c041dee161
KIAD,KLAS,3316.447506490472,1142,030e916c-022b-4397-8cfd-f5c041dee161
KIAD,KLAX,3674.0301642378145,1125,8ef9d2af-11ef-4c89-b80e-4e4bcb55b363
KIAD,KLAX,3674.0301642378145,1125,8ef9d2af-11ef-4c89-b80e-4e4bcb55b363
KIAD,KLAX,3674.0301642378145,2221,386336b4-b9ee-4eb2-9a14-af2ef12c4f98
KIAD,KLAX,3674.0301642378145,2221,386336b4-b9ee-4eb2-9a14-af2ef12c4f98
KIAD,KLGA,367.46385849887565,0016,56f7e575-63ae-45b7-ae2d-5f1da2475d6a
KIAD,KLGA,367.46385849887565,0016,56f7e575-63ae-45b7-ae2d-5f1da2475d6a
KIAD,KLGA,367.46385849887565,1744,e56672ac-cac6-4508-a995-a8a358f849fd
KIAD,KLGA,367.46385849887565,1744,e56672ac-cac6-4508-a995-a8a358f849fd
KIAD,KMCO,1222.0227455019112,0412,92b88fbf-11a1-4859-b59d-5c06c79b2e25
KIAD,KMCO,1222.0227455019112,0412,92b88fbf-11a1-4859-b59d-5c06c79b2e25
KIAD,KMCO,1222.0227455019112,0515,36e91e5d-7423-40ab-898a-51855c26ec39
KIAD,KMCO,1222.0227455019112,0515,36e91e5d-7423-40ab-898a-51855c26ec39
KIAD,KPHX,3141.005446997849,0844,f6d5db24-214a-4443-a317-dcc7fb8190b6
KIAD,KPHX,3141.005446997849,0844,f6d5db24-214a-4443-a317-dcc7fb8190b6
KIAD,KPHX,3141.005446997849,1456,6eb906d8-fbce-4efb-a131-9480df175c5c
KIAD,KPHX,3141.005446997849,1456,6eb906d8-fbce-4efb-a131-9480df175c5c
KIAD,KSEA,3701.627945887679,1150,13dbfd24-9a01-47e7-a1ad-135ce24046f1
KIAD,KSEA,3701.627945887679,1150,13dbfd24-9a01-47e7-a1ad-135ce24046f1
KIAH,KATL,1107.5625747320169,0149,bb8ba221-5f8d-4caf-af31-827317cbe416
KIAH,KATL,1107.5625747320169,0149,bb8ba221-5f8d-4caf-af31-827317cbe416
KIAH,KBOS,2567.6454490128713,0347,12908548-2e00-4836-a62e-430a1e878daf
KIAH,KBOS,2567.6454490128713,0347,12908548-2e00-4836-a62e-430a1e878daf
KIAH,KBOS,2567.6454490128713,0838,d4699144-596f-4431-b56a-f8525d02e324
KIAH,KBOS,2567.6454490128713,0838,d4699144-596f-4431-b56a-f8525d02e324
KIAH,KBOS,2567.6454490128713,1418,b4e369e2-dec7-4d49-b387-411748a3b241
KIAH,KBOS,2567.6454490128713,1418,b4e369e2-dec7-4d49-b387-411748a3b241
KIAH,KDEN,1387.4942303866253,2146,9e592df2-c3b8-4913-a78a-3390e3cc0a77
KIAH,KDEN,1387.4942303866253,2146,9e592df2-c3b8-4913-a78a-3390e3cc0a77
KIAH,KDFW,361.6206145445653,2018,50bd1a69-c1bc-4a8d-88d0-555a030e41bd
KIAH,KDFW,361.6206145445653,2018,50bd1a69-c1bc-4a8d-88d0-555a030e41bd
KIAH,KEWR,2250.545096301206,0602,9720b48f-f073-4328-a09d-594bb59ce27c
KIAH,KEWR,2250.545096301206,0602,9720b48f-f073-4328-a09d-594bb59ce27c
KIAH,KIAH,0.0,0946,5894b70f-01dc-4c7d-9eb7-2b0e31f4bf71
KIAH,KIAH,0.0,0946,5894b70f-01dc-4c7d-9eb7-2b0e31f4bf71
KIAH,KJFK,2277.895259821744,1207,f4a4a18f-3e03-4322-81b4-05e81611cbdb
KIAH,KJFK,2277.895259821744,1207,f4a4a18f-3e03-4322-81b4-05e81611cbdb
KIAH,KLGA,2277.131191208946,0226,9ccf20a6-f62e-4fe4-868d-18c883cc51a2
KIAH,KLGA,2277.131191208946,0226,9ccf20a6-f62e-4fe4-868d-18c883cc51a2
KIAH,KMIA,1549.405548176232,1155,5f1b0b05-90d5-4405-a549-2f55ee10efe9
KIAH,KMIA,1549.405548176232,1155,5f1b0b05-90d5-4405-a549-2f55ee10efe9
KIAH,KSFO,2627.1864801729935,2228,b3544885-9cc0-4af4-9024-5b0ac30b7aca
KIAH,KSFO,2627.1864801729935,2228,b3544885-9cc0-4af4-9024-5b0ac30b7aca
KJFK,KATL,1222.0934471627534,1050,537b35dc-1931-4d6c-be0e-4d643a50b929
KJFK,KATL,1222.0934471627534,1050,537b35dc-1931-4d6c-be0e-4d643a50b929
KJFK,KBOS,300.1780016819811,1455,705a2f25-9d8b-4663-ba5d-f91fd91708df
KJFK,KBOS,300.1780016819811,1455,705a2f25-9d8b-4663-ba5d-f91fd91708df
KJFK,KCLT,870.529218176758,2056,b36de6c7-42ff-46db-9a4f-42370f9400bf
KJFK,KCLT,870.529218176758,2056,b36de6c7-42ff-46db-9a4f-42370f9400bf
KJFK,KCLT,870.529218176758,2127,36356509-2c96-4ef0-af57-9fc1b2340f5b
KJFK,KCLT,870.529218176758,2127,36356509-2c96-4ef0-af57-9fc1b2340f5b
KJFK,KDTW,816.7229402522512,1733,8fd32f40-8475-406d-b5c5-6193dde89440
KJFK,KDTW,816.7229402522512,1733,8fd32f40-8475-406d-b5c5-6193dde89440
KJFK,KEWR,33.3953086575116,0606,2172b39f-dcac-4343-8ce8-51d08c9aac34
KJFK,KEWR,33.3953086575116,0606,2172b39f-dcac-4343-8ce8-51d08c9aac34
KJFK,KEWR,33.3953086575116,1510,2428cbe6-6977-4870-8482-7418fa4860db
KJFK,KEWR,33.3953086575116,1510,2428cbe6-6977-4870-8482-7418fa4860db
KJFK,KIAD,366.31991908011963,1600,78bfd2e6-8041-47d2-93fe-fef5a12af248
KJFK,KIAD,366.31991908011963,1600,78bfd2e6-8041-47d2-93fe-fef5a12af248
KJFK,KIAH,2277.895259821744,2257,31633339-3e28-4346-befb-4425957d6b33
KJFK,KIAH,2277.895259821744,2257,31633339-3e28-4346-befb-4425957d6b33
KJFK,KJFK,0.0,1327,055d3ab7-9bbf-4cb1-a767-35a841d77f91
KJFK,KJFK,0.0,1327,055d3ab7-9bbf-4cb1-a767-35a841d77f91
KJFK,KLAS,3609.282536341646,1047,9b6a2007-343a-4511-8379-802db7e0fde7
KJFK,KLAS,3609.282536341646,1047,9b6a2007-343a-4511-8379-802db7e0fde7
KJFK,KLAS,3609.282536341646,1228,1430b2ca-427c-4c46-a399-b59a12e56544
KJFK,KLAS,3609.282536341646,1228,1430b2ca-427c-4c46-a399-b59a12e56544
KJFK,KLAX,3974.196718494172,0206,86c6bfc3-893f-46e8-b316-3347261eea35
KJFK,KLAX,3974.196718494172,0206,86c6bfc3-893f-46e8-b316-3347261eea35
KJFK,KLGA,17.198542415497702,1336,26ed9342-3d8f-4c92-a5c8-fb5cd1ea6806
KJFK,KLGA,17.198542415497702,1336,26ed9342-3d8f-4c92-a5c8-fb5cd1ea6806
KJFK,KMCO,1521.388617406324,2012,a93e17d1-58f4-42b6-a0c7-7fc1b6eb7070
KJFK,KMCO,1521.388617406324,2012,a93e17d1-58f4-42b6-a0c7-7fc1b6eb7070
KJFK,KMIA,1757.1215177901113,1224,fcfc8217-8839-4bfb-89da-970267c116b0
KJFK,KMIA,1757.1215177901113,1224,fcfc8217-8839-4bfb-89da-970267c116b0
KJFK,KMIA,1757.1215177901113,2441,61000532-5bfa-4a44-9084-5003dfa08aa0
KJFK,KMIA,1757.1215177901113,2441,61000532-5bfa-4a44-9084-5003dfa08aa0
KJFK,KPHL,150.6196126335803,0953,9e3f6f5f-d42e-42d7-9b61-837c45221262
KJFK,KPHL,150.6196126335803,0953,9e3f6f5f-d42e-42d7-9b61-837c45221262
KJFK,KPHX,3457.5583639256015,1258,fc81c470-58e3-49b1-9561-4486f315782d
KJFK,KPHX,3457.5583639256015,1258,fc81c470-58e3-49b1-9561-4486f315782d
KJFK,KPHX,3457.5583639256015,1822,ba01c46f-900a-42e4-82a5-1df4eca36afe
KJFK,KPHX,3457.5583639256015,1822,ba01c46f-900a-42e4-82a5-1df4eca36afe
KJFK,KPHX,3457.5583639256015,2233,fb624314-ac0f-4342-90c5-3c217ce1fd66
KJFK,KPHX,3457.5583639256015,2233,fb624314-ac0f-4342-90c5-3c217ce1fd66
KJFK,KSEA,3886.6379172373963,1235,67ee7e32-42d5-474e-a120-31f395a7cffd
KJFK,KSEA,3886.6379172373963,1235,67ee7e32-42d5-474e-a120-31f395a7cffd
KJFK,KSFO,4151.786274993869,1727,21378c03-c0a2-4ee0-b346-b1a063023e79
KJFK,KSFO,4151.786274993869,1727,21378c03-c0a2-4ee0-b346-b1a063023e79
KJFK,KSFO,4151.786274993869,1830,b3440943-bc5c-4b3f-9869-14662bc966b7
KJFK,KSFO,4151.786274993869,1830,b3440943-bc5c-4b3f-9869-14662bc966b7
KLAS,KCLT,3076.587695800184,1358,c5dcdfbb-80f7-413c-9949-2ac688ad7a2f
KLAS,KCLT,3076.587695800184,1358,c5dcdfbb-80f7-413c-9949-2ac688ad7a2f
KLAS,KDFW,1694.79992297123,1550,d911f11e-7a0f-49f2-bf0a-35baa08899d8
KLAS,KDFW,1694.79992297123,1550,d911f11e-7a0f-49f2-bf0a-35baa08899d8
KLAS,KDTW,2808.019643915516,0214,12d99447-175c-43d5-90d3-860d704d303e
KLAS,KDTW,2808.019643915516,0214,12d99447-175c-43d5-90d3-860d704d303e
KLAS,KDTW,2808.019643915516,0312,eca1ae22-9f3a-409b-a7d7-e3cd994305fc
KLAS,KDTW,2808.019643915516,0312,eca1ae22-9f3a-409b-a7d7-e3cd994305fc
KLAS,KEWR,3575.999806860391,0348,2fec52e7-eb43-4e4e-a418-d34afbfbf296
KLAS,KEWR,3575.999806860391,0348,2fec52e7-eb43-4e4e-a418-d34afbfbf296
KLAS,KIAD,3316.447506490472,0656,d751fa79-9f96-4e54-84e4-94c774507cd3
KLAS,KIAD,3316.447506490472,0656,d751fa79-9f96-4e54-84e4-94c774507cd3
KLAS,KIAH,1962.789206979358,0234,f2058d7f-2c4f-4ad5-91bb-95ce5aa2362e
KLAS,KIAH,1962.789206979358,0234,f2058d7f-2c4f-4ad5-91bb-95ce5aa2362e
KLAS,KMIA,3494.1538859316497,0504,fc931f27-c33b-41ea-8dd0-f9aa26276732
KLAS,KMIA,3494.1538859316497,0504,fc931f27-c33b-41ea-8dd0-f9aa26276732
KLAS,KORD,2431.692848117438,1031,3d33fd6e-0616-4e51-b163-df98fe3a30bc
KLAS,KORD,2431.692848117438,1031,3d33fd6e-0616-4e51-b163-df98fe3a30bc
KLAX,KATL,3125.7765184733307,1758,630ea4c5-dbb8-4deb-a20c-3131477fb844
KLAX,KATL,3125.7765184733307,1758,630ea4c5-dbb8-4deb-a20c-3131477fb844
KLAX,KATL,3125.7765184733307,2158,b83d82f4-f30d-4e5a-b2b2-2bf3e50f1d48
KLAX,KATL,3125.7765184733307,2158,b83d82f4-f30d-4e5a-b2b2-2bf3e50f1d48
KLAX,KBOS,4193.029101895385,0034,6610cdc5-8a5a-4e23-9f57-76eb61405eb9
KLAX,KBOS,4193.029101895385,0034,6610cdc5-8a5a-4e23-9f57-76eb61405eb9
KLAX,KCLT,3412.534178463041,0046,8737a3b1-7255-44b6-8cb6-e3828c287f64
KLAX,KCLT,3412.534178463041,0046,8737a3b1-7255-44b6-8cb6-e3828c287f64
KLAX,KDFW,1983.1744661583682,1323,ef2b6a7b-88e3-4ddc-bca9-879099b69318
KLAX,KDFW,1983.1744661583682,1323,ef2b6a7b-88e3-4ddc-bca9-879099b69318
KLAX,KDTW,3178.0380987624653,0741,e5897d8c-7168-46bc-99bf-95b57a0bfd7a
KLAX,KDTW,3178.0380987624653,0741,e5897d8c-7168-46bc-99bf-95b57a0bfd7a
KLAX,KDTW,3178.0380987624653,0822,ec8e721e-7262-480f-ade3-eaba49c1137e
KLAX,KDTW,3178.0380987624653,0822,ec8e721e-7262-480f-ade3-eaba49c1137e
KLAX,KIAD,3674.0301642378145,2133,9c415aa1-1f49-4fd3-9a2e-27a03c8fd9f7
KLAX,KIAD,3674.0301642378145,2133,9c415aa1-1f49-4fd3-9a2e-27a03c8fd9f7
KLAX,KJFK,3974.196718494172,0009,17b14524-d39f-4735-a2c0-a6d647ad2604
KLAX,KJFK,3974.196718494172,0009,17b14524-d39f-4735-a2c0-a6d647ad2604
KLAX,KLAS,379.9942712855736,0154,cc5a3fed-7436-4736-a05f-cddccddfb5be
KLAX,KLAS,379.9942712855736,0154,cc5a3fed-7436-4736-a05f-cddccddfb5be
KLAX,KLGA,3965.323884443531,0209,0bc54acf-7d3a-46ab-a1ea-a7b5faf0995c
KLAX,KLGA,3965.323884443531,0209,0bc54acf-7d3a-46ab-a1ea-a7b5faf0995c
KLAX,KLGA,3965.323884443531,0928,6edefda3-b20a-4c5e-ab3c-db6e9c628268
KLAX,KLGA,3965.323884443531,0928,6edefda3-b20a-4c5e-ab3c-db6e9c628268
KLAX,KLGA,3965.323884443531,2210,d6fd9874-5ea3-4d44-8c46-d30a8e9ea686
KLAX,KLGA,3965.323884443531,2210,d6fd9874-5ea3-4d44-8c46-d30a8e9ea686
KLAX,KMCO,3562.3146761554067,0330,01e2b7a3-6019-4591-a9ea-5314f1c6e6f8
KLAX,KMCO,3562.3146761554067,0330,01e2b7a3-6019-4591-a9ea-5314f1c6e6f8
KLAX,KMCO,3562.3146761554067,0512,37929eef-e0eb-405b-90d0-2dc3f6ee7dc6
KLAX,KMCO,3562.3146761554067,0512,37929eef-e0eb-405b-90d0-2dc3f6ee7dc6
KLAX,KMCO,3562.3146761554067,1436,a5daf286-e373-4642-9528-dab15a8e63fc
KLAX,KMCO,3562.3146761554067,1436,a5daf286-e373-4642-9528-dab15a8e63fc
KLAX,KPHL,3856.3149052797053,0635,2122a983-4675-4676-9a98-5751c656ff97
KLAX,KPHL,3856.3149052797053,0635,2122a983-4675-4676-9a98-5751c656ff97
KLAX,KSFO,543.1892906332987,0956,35c81065-03c1-440b-8edd-7ce716a8e4e1
KLAX,KSFO,543.1892906332987,0956,35c81065-03c1-440b-8edd-7ce716a8e4e1
KLGA,KATL,1224.8675522038163,1413,ed18ae8a-9d8b-4974-ab5d-48985b9d6edd
KLGA,KATL,1224.8675522038163,1413,ed18ae8a-9d8b-4974-ab5d-48985b9d6edd
KLGA,KDTW,805.1348097500643,2406,bb01a078-8881-4f19-88f6-83ebf985a6aa
KLGA,KDTW,805.1348097500643,2406,bb01a078-8881-4f19-88f6-83ebf985a6aa
KLGA,KEWR,26.667125367006612,1141,bd580d1d-73ea-438b-aa78-b1594fbb2979
KLGA,KEWR,26.667125367006612,1141,bd580d1d-73ea-438b-aa78-b1594fbb2979
KLGA,KIAD,367.46385849887565,0627,8bc70e9b-1aaf-4c30-88e2-7a665986f275
KLGA,KIAD,367.46385849887565,0627,8bc70e9b-1aaf-4c30-88e2-7a665986f275
KLGA,KIAD,367.46385849887565,0640,018b45ad-89c4-43a4-be23-2dfee8de47e3
KLGA,KIAD,367.46385849887565,0640,018b45ad-89c4-43a4-be23-2dfee8de47e3
KLGA,KIAH,2277.131191208946,1728,8c6a5bb3-7c0c-419e-a479-335c54768cdb
KLGA,KIAH,2277.131191208946,1728,8c6a5bb3-7c0c-419e-a479-335c54768cdb
KLGA,KLAS,3599.9786214341902,2122,05f856c5-ca30-44d7-adf6-ad79463ee752
KLGA,KLAS,3599.9786214341902,2122,05f856c5-ca30-44d7-adf6-ad79463ee752
KLGA,KLAX,3965.323884443531,1102,ecf74370-e8c6-41d5-9db1-5bf7470eaffd
KLGA,KLAX,3965.323884443531,1102,ecf74370-e8c6-41d5-9db1-5bf7470eaffd
KLGA,KLAX,3965.323884443531,2345,7e2449a9-37f3-4926-b8f0-269a8d3df77a
KLGA,KLAX,3965.323884443531,2345,7e2449a9-37f3-4926-b8f0-269a8d3df77a
KLGA,KMCO,1530.9562185484826,2038,883911f2-0f71-4834-a765-d9715634fa55
KLGA,KMCO,1530.9562185484826,2038,883911f2-0f71-4834-a765-d9715634fa55
KLGA,KMIA,1768.3773405658235,0000,8db1a195-f18f-426c-85ac-930f9ffb2375
KLGA,KMIA,1768.3773405658235,0000,8db1a195-f18f-426c-85ac-930f9ffb2375
KLGA,KMIA,1768.3773405658235,0229,bd5e1bf0-8058-4fc9-ba9d-1356989e09d6
KLGA,KMIA,1768.3773405658235,0229,bd5e1bf0-8058-4fc9-ba9d-1356989e09d6
KLGA,KORD,1177.0551064872004,0625,d400e40d-9d0f-41d5-8d96-45d6f4d531a0
KLGA,KORD,1177.0551064872004,0625,d400e40d-9d0f-41d5-8d96-45d6f4d531a0
KLGA,KPHL,153.5946466951007,1114,1cd39481-985b-4e96-9048-3eef16c3717f
KLGA,KPHL,153.5946466951007,1114,1cd39481-985b-4e96-9048-3eef16c3717f
KLGA,KSEA,3872.5398380854335,0607,7537e458-781a-4052-8fc0-5b6cfde5fa16
KLGA,KSEA,3872.5398380854335,0607,7537e458-781a-4052-8fc0-5b6cfde5fa16
KLGA,KSFO,4141.002439903863,0735,3899f460-1bef-443e-ad31-15a06bd20d0e
KLGA,KSFO,4141.002439903863,0735,3899f460-1bef-443e-ad31-15a06bd20d0e
KLGA,KSFO,4141.002439903863,1641,247a0bd9-e412-4187-8b81-d5f10b31d9e0
KLGA,KSFO,4141.002439903863,1641,247a0bd9-e412-4187-8b81-d5f10b31d9e0
KMCO,KATL,650.7363446314482,0019,6766c6c3-d38b-40b9-918a-06c870ffce26
KMCO,KATL,650.7363446314482,0019,6766c6c3-d38b-40b9-918a-06c870ffce26
KMCO,KATL,650.7363446314482,1021,c4089979-fae8-40a3-96ab-982a428c7d0c
KMCO,KATL,650.7363446314482,1021,c4089979-fae8-40a3-96ab-982a428c7d0c
KMCO,KBOS,1805.974795403886,1434,327b707b-7020-4daf-8c90-bdfd71cdf7c9
KMCO,KBOS,1805.974795403886,1434,327b707b-7020-4daf-8c90-bdfd71cdf7c9
KMCO,KCLT,755.2029149067863,2254,cb8c7f35-47cf-44f9-9f22-71077d8df7cc
KMCO,KCLT,755.2029149067863,2254,cb8c7f35-47cf-44f9-9f22-71077d8df7cc
KMCO,KDFW,1582.4157318228745,0539,a2319d73-3588-45da-9cde-21ad64ce5c06
KMCO,KDFW,1582.4157318228745,0539,a2319d73-3588-45da-9cde-21ad64ce5c06
KMCO,KDFW,1582.4157318228745,1307,20976a7d-f047-44ad-a6b3-749865e2e7fe
KMCO,KDFW,1582.4157318228745,1307,20976a7d-f047-44ad-a6b3-749865e2e7fe
KMCO,KDFW,1582.4157318228745,1520,1e2a1c10-7987-44b2-bcaa-ccb329bbc451
KMCO,KDFW,1582.4157318228745,1520,1e2a1c10-7987-44b2-bcaa-ccb329bbc451
KMCO,KDFW,1582.4157318228745,2448,de187bc0-8f18-434f-8107-3fbd241eb4de
KMCO,KDFW,1582.4157318228745,2448,de187bc0-8f18-434f-8107-3fbd241eb4de
KMCO,KDTW,1543.647219631573,0520,4b779537-34e4-4a1f-a0bd-b948e231d13a
KMCO,KDTW,1543.647219631573,0520,4b779537-34e4-4a1f-a0bd-b948e231d13a
KMCO,KDTW,1543.647219631573,0813,30094c1b-a580-4965-a4c0-115dfc966ee9
KMCO,KDTW,1543.647219631573,0813,30094c1b-a580-4965-a4c0-115dfc966ee9
KMCO,KDTW,1543.647219631573,1346,39965ad8-ca8d-4f5b-a348-e4b1469e662f
KMCO,KDTW,1543.647219631573,1346,39965ad8-ca8d-4f5b-a348-e4b1469e662f
KMCO,KIAD,1222.0227455019112,2012,e7454de1-d43a-4bb1-bed0-a2cd280b84e9
KMCO,KIAD,1222.0227455019112,2012,e7454de1-d43a-4bb1-bed0-a2cd280b84e9
KMCO,KJFK,1521.388617406324,1633,54af18cc-d604-4fd3-9322-c107c2807dbf
KMCO,KJFK,1521.388617406324,1633,54af18cc-d604-4fd3-9322-c107c2807dbf
KMCO,KLAS,3276.092971075072,1501,02d46160-0857-42d1-85ea-6a0e881304a9
KMCO,KLAS,3276.092971075072,1501,02d46160-0857-42d1-85ea-6a0e881304a9
KMCO,KMIA,309.9731296300336,0023,253fe77a-4704-4cb9-b996-228be1f2849d
KMCO,KMIA,309.9731296300336,0023,253fe77a-4704-4cb9-b996-228be1f2849d
KMCO,KPHL,1388.5554903516613,0650,643d422a-e018-4bf7-af89-973a3fb4d9e5
KMCO,KPHL,1388.5554903516613,0650,643d422a-e018-4bf7-af89-973a3fb4d9e5
KMCO,KPHX,2969.127563130297,1821,dfa7a8ed-e4d3-4124-9061-14bc5b1a6d1c
KMCO,KPHX,2969.127563130297,1821,dfa7a8ed-e4d3-4124-9061-14bc5b1a6d1c
KMCO,KSFO,3929.1463355139404,1037,14f7db5b-657b-418a-abfa-eba46bc4da52
KMCO,KSFO,3929.1463355139404,1037,14f7db5b-657b-418a-abfa-eba46bc4da52
KMIA,KBOS,2028.2815777870655,1703,290c1299-2ee8-4be6-9e98-20031d22bc4c
KMIA,KBOS,2028.2815777870655,1703,290c1299-2ee8-4be6-9e98-20031d22bc4c
KMIA,KCLT,1049.4002851037626,0758,e651b084-7319-4701-9312-4ae7bead8f9e
KMIA,KCLT,1049.4002851037626,0758,e651b084-7319-4701-9312-4ae7bead8f9e
KMIA,KDEN,2748.6919622725727,2249,2528c375-2fd2-4188-9275-107f4cdd327f
KMIA,KDEN,2748.6919622725727,2249,2528c375-2fd2-4188-9275-107f4cdd327f
KMIA,KDFW,1802.168684437681,1214,93bb5d25-0e82-475f-adaf-3f11bb201feb
KMIA,KDFW,1802.168684437681,1214,93bb5d25-0e82-475f-adaf-3f11bb201feb
KMIA,KEWR,1750.5962839416234,2039,453418e5-fca0-4c41-b959-46a6053a3339
KMIA,KEWR,1750.5962839416234,2039,453418e5-fca0-4c41-b959-46a6053a3339
KMIA,KIAD,1486.1629548432657,0101,e9076d88-3a69-4e0a-8513-8eabf25cef77
KMIA,KIAD,1486.1629548432657,0101,e9076d88-3a69-4e0a-8513-8eabf25cef77
KMIA,KJFK,1757.1215177901113,2256,095ac58d-49ca-4174-b7e0-1746d7ff59d6
KMIA,KJFK,1757.1215177901113,2256,095ac58d-49ca-4174-b7e0-1746d7ff59d6
KMIA,KLAS,3494.1538859316497,1205,da39c222-88ff-4be0-ab2a-cab0f47f0e50
KMIA,KLAS,3494.1538859316497,1205,da39c222-88ff-4be0-ab2a-cab0f47f0e50
KMIA,KLAS,3494.1538859316497,1645,14065e52-9794-4af9-91d8-be2935bcd7a3
KMIA,KLAS,3494.1538859316497,1645,14065e52-9794-4af9-91d8-be2935bcd7a3
KMIA,KLAS,3494.1538859316497,2403,e7cbc465-b75d-4065-8923-18a1d9079214
KMIA,KLAS,3494.1538859316497,2403,e7cbc465-b75d-4065-8923-18a1d9079214
KMIA,KLGA,1768.3773405658235,0121,80322b15-5760-4857-870c-a6a346dffe94
KMIA,KLGA,1768.3773405658235,0121,80322b15-5760-4857-870c-a6a346dffe94
KMIA,KMCO,309.9731296300336,2303,fc5f82a7-7342-4ddb-85b1-b663c7d0f431
KMIA,KMCO,309.9731296300336,2303,fc5f82a7-7342-4ddb-85b1-b663c7d0f431
KMIA,KMIA,0.0,0528,1434e618-5a27-405f-bf13-6b6b9a9df07c
KMIA,KMIA,0.0,0528,1434e618-5a27-405f-bf13-6b6b9a9df07c
KMIA,KMIA,0.0,1304,2ed682e9-1f51-4626-95a0-82acd3eb334d
KMIA,KMIA,0.0,1304,2ed682e9-1f51-4626-95a0-82acd3eb334d
KMIA,KORD,1930.0403435892065,0135,be1b1f98-fae7-4383-aa6c-74559d4961bf
KMIA,KORD,1930.0403435892065,0135,be1b1f98-fae7-4383-aa6c-74559d4961bf
KMIA,KORD,1930.0403435892065,1225,1933a4cf-dde8-4088-beba-527244cb6c90
KMIA,KORD,1930.0403435892065,1225,1933a4cf-dde8-4088-beba-527244cb6c90
KMIA,KPHL,1634.240412608017,1439,cf5d9064-2251-48e6-94a8-e24326931baf
KMIA,KPHL,1634.240412608017,1439,cf5d9064-2251-48e6-94a8-e24326931baf
KMIA,KSEA,4379.461985074652,1121,af35c1c9-1ecb-467c-9c03-c4efee6292a7
KMIA,KSEA,4379.461985074652,1121,af35c1c9-1ecb-467c-9c03-c4efee6292a7
KMIA,KSEA,4379.461985074652,1354,22ea7e91-8ac7-4d67-8a39-a6782ec87558
KMIA,KSEA,4379.461985074652,1354,22ea7e91-8ac7-4d67-8a39-a6782ec87558
KMIA,KSEA,4379.461985074652,1408,e77382b0-27b5-44e7-bbab-ceeda61b48c1
KMIA,KSEA,4379.461985074652,1408,e77382b0-27b5-44e7-bbab-ceeda61b48c1
KORD,KATL,976.3278291656198,1025,767a955d-9f38-459e-b0d8-8052a6e2eee0
KORD,KATL,976.3278291656198,1025,767a955d-9f38-459e-b0d8-8052a6e2eee0
KORD,KATL,976.3278291656198,1403,92fbd2d2-a090-4600-a161-d7bfdded2ea8
KORD,KATL,976.3278291656198,1403,92fbd2d2-a090-4600-a161-d7bfdded2ea8
KORD,KBOS,1391.0783440171117,2459,e879cdad-4abc-431f-a95f-c93eb4ab5ccc
KORD,KBOS,1391.0783440171117,2459,e879cdad-4abc-431f-a95f-c93eb4ab5ccc
KORD,KCLT,964.5786715815266,1443,b419d9e6-ba4a-4873-bb3b-8b01c4f8d79c
KORD,KCLT,964.5786715815266,1443,b419d9e6-ba4a-4873-bb3b-8b01c4f8d79c
KORD,KIAD,945.4046190801425,0110,af81de7f-1554-491a-b7d8-e214e9b043c5
KORD,KIAD,945.4046190801425,0110,af81de7f-1554-491a-b7d8-e214e9b043c5
KORD,KLAS,2431.692848117438,1955,637e1a81-fd37-4d56-acd4-395829422d15
KORD,KLAS,2431.692848117438,1955,637e1a81-fd37-4d56-acd4-395829422d15
KORD,KLAX,2802.1160031211034,0514,63a2ebed-41cd-47a7-bacc-920c8e02bad9
KORD,KLAX,2802.1160031211034,0514,63a2ebed-41cd-47a7-bacc-920c8e02bad9
KORD,KLAX,2802.1160031211034,1252,b8c5b20b-4119-4d3c-934c-38e435cd1ad8
KORD,KLAX,2802.1160031211034,1252,b8c5b20b-4119-4d3c-934c-38e435cd1ad8
KORD,KLAX,2802.1160031211034,1809,1884b9c4-dbc3-4e8a-880b-0570185815a1
KORD,KLAX,2802.1160031211034,1809,1884b9c4-dbc3-4e8a-880b-0570185815a1
KORD,KLGA,1177.0551064872004,0621,71139deb-3dc9-488c-9c4b-79bed2d0ea00
KORD,KLGA,1177.0551064872004,0621,71139deb-3dc9-488c-9c4b-79bed2d0ea00
KORD,KMIA,1930.0403435892065,1628,eb3d0c8b-88a6-4ee2-8322-7fa2289e837e
KORD,KMIA,1930.0403435892065,1628,eb3d0c8b-88a6-4ee2-8322-7fa2289e837e
KORD,KPHX,2312.8844820464883,0539,da41bca7-4d4b-417a-963c-57932c34f6e4
KORD,KPHX,2312.8844820464883,0539,da41bca7-4d4b-417a-963c-57932c34f6e4
KORD,KPHX,2312.8844820464883,0558,48d2a560-4210-4fee-ac19-ed8b4fda10a6
KORD,KPHX,2312.8844820464883,0558,48d2a560-4210-4fee-ac19-ed8b4fda10a6
KORD,KSEA,2761.751624349704,0305,477f87c2-ad7d-46bb-bbfc-7a2f02f05b03
KORD,KSEA,2761.751624349704,0305,477f87c2-ad7d-46bb-bbfc-7a2f02f05b03
KORD,KSEA,2761.751624349704,0345,b2b96638-eedb-4914-b960-17193a8cea77
KORD,KSEA,2761.751624349704,0345,b2b96638-eedb-4914-b960-17193a8cea77
KPHL,KBOS,450.1420076148382,0951,0b6077b6-98e4-4ab5-8111-a700f1f9beac
KPHL,KBOS,450.1420076148382,0951,0b6077b6-98e4-4ab5-8111-a700f1f9beac
KPHL,KBOS,450.1420076148382,1123,dc8460ad-ac6f-4ddb-9131-7b01ccfa30be
KPHL,KBOS,450.1420076148382,1123,dc8460ad-ac6f-4ddb-9131-7b01ccfa30be
KPHL,KBOS,450.1420076148382,2130,5aabf42b-3b67-49f9-a209-0519919a0768
KPHL,KBOS,450.1420076148382,2130,5aabf42b-3b67-49f9-a209-0519919a0768
KPHL,KDEN,2500.3905990396734,0230,826e79e9-5e50-4df8-9675-49d3f0b4b650
KPHL,KDEN,2500.3905990396734,0230,826e79e9-5e50-4df8-9675-49d3f0b4b650
KPHL,KDEN,2500.3905990396734,1828,8869b152-6e43-4c1b-89e5-cd307438ff9d
KPHL,KDEN,2500.3905990396734,1828,8869b152-6e43-4c1b-89e5-cd307438ff9d
KPHL,KEWR,128.84356857883247,0740,f9e95dce-2057-4c63-82f3-2ee471b3d27d
KPHL,KEWR,128.84356857883247,0740,f9e95dce-2057-4c63-82f3-2ee471b3d27d
KPHL,KIAD,216.41213101132547,2103,a287e67c-0080-453d-ae1a-4d95525fcb19
KPHL,KIAD,216.41213101132547,2103,a287e67c-0080-453d-ae1a-4d95525fcb19
KPHL,KIAD,216.41213101132547,2305,8be9f528-399f-4cb7-9dcd-e4a492d4f9fa
KPHL,KIAD,216.41213101132547,2305,8be9f528-399f-4cb7-9dcd-e4a492d4f9fa
KPHL,KLAX,3856.3149052797053,0041,c4ebc22f-3338-4a0b-ae37-190897e650bc
KPHL,KLAX,3856.3149052797053,0041,c4ebc22f-3338-4a0b-ae37-190897e650bc
KPHL,KLGA,153.5946466951007,1231,1da6b002-f77b-47d2-bf05-ba6a599df113
KPHL,KLGA,153.5946466951007,1231,1da6b002-f77b-47d2-bf05-ba6a599df113
KPHL,KMCO,1388.5554903516613,0228,dbc71594-5748-4f26-8631-ccfa749cbb76
KPHL,KMCO,1388.5554903516613,0228,dbc71594-5748-4f26-8631-ccfa749cbb76
KPHL,KMCO,1388.5554903516613,2443,2b050166-a530-4895-9858-be1e622b40c9
KPHL,KMCO,1388.5554903516613,2443,2b050166-a530-4895-9858-be1e622b40c9
KPHL,KMIA,1634.240412608017,2451,29a77446-b8ca-4b6e-947f-1d9dd1cd7a1a
KPHL,KMIA,1634.240412608017,2451,29a77446-b8ca-4b6e-947f-1d9dd1cd7a1a
KPHL,KORD,1088.3236698576661,2014,700984ea-ebec-4033-ad98-220e43c90124
KPHL,KORD,1088.3236698576661,2014,700984ea-ebec-4033-ad98-220e43c90124
KPHL,KORD,1088.3236698576661,2301,908e2c42-528e-4eb0-9445-67cd16147bea
KPHL,KORD,1088.3236698576661,2301,908e2c42-528e-4eb0-9445-67cd16147bea
KPHL,KSFO,4047.7485470050206,0857,8aa0adcb-67ae-4714-b730-9c13346eb563
KPHL,KSFO,4047.7485470050206,0857,8aa0adcb-67ae-4714-b730-9c13346eb563
KPHX,KBOS,3693.222935876034,0028,792de444-6dc0-4b4d-a4ff-d71e9c9fcb7a
KPHX,KBOS,3693.222935876034,0028,792de444-6dc0-4b4d-a4ff-d71e9c9fcb7a
KPHX,KBOS,3693.222935876034,1731,35522836-84b9-4d75-af49-d8a270c60390
KPHX,KBOS,3693.222935876034,1731,35522836-84b9-4d75-af49-d8a270c60390
KPHX,KDTW,2683.433053333627,2448,b914220f-59b7-4519-80ff-ad4912d5af15
KPHX,KDTW,2683.433053333627,2448,b914220f-59b7-4519-80ff-ad4912d5af15
KPHX,KEWR,3424.8064638792853,1713,0900f4cc-b421-4010-879e-c5a43abc9b2e
KPHX,KEWR,3424.8064638792853,1713,0900f4cc-b421-4010-879e-c5a43abc9b2e
KPHX,KEWR,3424.8064638792853,1740,a44a34e2-a626-4184-85be-4a8059c014d1
KPHX,KEWR,3424.8064638792853,1740,a44a34e2-a626-4184-85be-4a8059c014d1
KPHX,KEWR,3424.8064638792853,2336,24f91d47-d2e0-4194-a869-6fbcef73ecf3
KPHX,KEWR,3424.8064638792853,2336,24f91d47-d2e0-4194-a869-6fbcef73ecf3
KPHX,KIAD,3141.005446997849,1044,4d0f35a7-0ae3-43a6-b33a-a5e8447c8126
KPHX,KIAD,3141.005446997849,1044,4d0f35a7-0ae3-43a6-b33a-a5e8447c8126
KPHX,KIAH,1620.4251032310228,0955,24942acf-e510-4f50-a681-f43e0abd850b
KPHX,KIAH,1620.4251032310228,0955,24942acf-e510-4f50-a681-f43e0abd850b
KPHX,KMIA,3167.720873514648,2049,5a33038a-6b01-4b9a-a32c-5aff8607bb0b
KPHX,KMIA,3167.720873514648,2049,5a33038a-6b01-4b9a-a32c-5aff8607bb0b
KPHX,KMIA,3167.720873514648,2101,0aee851d-4a35-4203-81fe-b6aec635c0c2
KPHX,KMIA,3167.720873514648,2101,0aee851d-4a35-4203-81fe-b6aec635c0c2
KPHX,KMIA,3167.720873514648,2246,abf2f1d9-8839-40d9-92c1-26c17acb1839
KPHX,KMIA,3167.720873514648,2246,abf2f1d9-8839-40d9-92c1-26c17acb1839
KPHX,KORD,2312.8844820464883,2457,aa9a18fa-f192-4153-8bee-c155746db3c6
KPHX,KORD,2312.8844820464883,2457,aa9a18fa-f192-4153-8bee-c155746db3c6
KSEA,KCLT,3660.405629332313,2204,fb35f31d-0e8b-445c-8f6f-83b580c9ecf4
KSEA,KCLT,3660.405629332313,2204,fb35f31d-0e8b-445c-8f6f-83b580c9ecf4
KSEA,KDEN,1645.0658311574025,0246,f1959220-a1ed-498f-b339-a3ab90c116ae
KSEA,KDEN,1645.0658311574025,0246,f1959220-a1ed-498f-b339-a3ab90c116ae
KSEA,KDEN,1645.0658311574025,0857,ffd429c1-724d-4e55-ad4d-aed63e67ff56
KSEA,KDEN,1645.0658311574025,0857,ffd429c1-724d-4e55-ad4d-aed63e67ff56
KSEA,KDFW,2668.152986614267,0610,554d035f-f7ec-44eb-a770-63f2014a7f49
KSEA,KDFW,2668.152986614267,0610,554d035f-f7ec-44eb-a770-63f2014a7f49
KSEA,KEWR,3854.8141931768946,1332,d485cd4e-7358-43b8-a0ac-7c825cc8b9a9
KSEA,KEWR,3854.8141931768946,1332,d485cd4e-7358-43b8-a0ac-7c825cc8b9a9
KSEA,KIAH,3013.4051415870726,1622,b9f1374c-5557-45b8-97bd-a5d9de4027b0
KSEA,KIAH,3013.4051415870726,1622,b9f1374c-5557-45b8-97bd-a5d9de4027b0
KSEA,KLAX,1536.9096932873824,0612,ca7c921e-5649-4a2e-a20b-6c5dd0c600d1
KSEA,KLAX,1536.9096932873824,0612,ca7c921e-5649-4a2e-a20b-6c5dd0c600d1
KSEA,KLGA,3872.5398380854335,2442,50b996f8-a115-4240-9fe8-60e3a8de82ee
KSEA,KLGA,3872.5398380854335,2442,50b996f8-a115-4240-9fe8-60e3a8de82ee
KSEA,KMCO,4104.686595514186,2224,114d51c2-fb5d-4c15-9567-0a6f8af6fe69
KSEA,KMCO,4104.686595514186,2224,114d51c2-fb5d-4c15-9567-0a6f8af6fe69
KSEA,KORD,2761.751624349704,1305,96806c6e-40a4-4051-a842-e730d66bac90
KSEA,KORD,2761.751624349704,1305,96806c6e-40a4-4051-a842-e730d66bac90
KSEA,KPHL,3817.65389070735,0637,c2a9aedb-b0e1-41c1-acc4-2765423157ed
KSEA,KPHL,3817.65389070735,0637,c2a9aedb-b0e1-41c1-acc4-2765423157ed
KSEA,KSEA,0.0,1719,723a5df7-7ac6-4c91-b97f-5680f98af8e8
KSEA,KSEA,0.0,1719,723a5df7-7ac6-4c91-b97f-5680f98af8e8
KSEA,KSFO,1093.0595602394146,0559,6eb98b9f-aa67-4c63-acd3-b4034859a288
KSEA,KSFO,1093.0595602394146,0559,6eb98b9f-aa67-4c63-acd3-b4034859a288
KSFO,KCLT,3686.9709874425694,0508,fde1c6fe-1b1b-4dc3-8663-471e34c6e825
KSFO,KCLT,3686.9709874425694,0508,fde1c6fe-1b1b-4dc3-8663-471e34c6e825
KSFO,KCLT,3686.9709874425694,2235,45386f26-2b75-4849-9735-02081be3ead2
KSFO,KCLT,3686.9709874425694,2235,45386f26-2b75-4849-9735-02081be3ead2
KSFO,KEWR,4118.400593432261,1927,90c19fe1-df17-4f66-b774-e207d2ba2561
KSFO,KEWR,4118.400593432261,1927,90c19fe1-df17-4f66-b774-e207d2ba2561
KSFO,KIAD,3883.401590778396,0733,98b1194d-7cbf-439f-a0e4-c5c849297bfc
KSFO,KIAD,3883.401590778396,0733,98b1194d-7cbf-439f-a0e4-c5c849297bfc
KSFO,KJFK,4151.786274993869,0918,21db26ae-673a-4a71-9e01-f4541f444e1a
KSFO,KJFK,4151.786274993869,0918,21db26ae-673a-4a71-9e01-f4541f444e1a
KSFO,KJFK,4151.786274993869,1741,7c54b0dd-e62f-4567-ac28-4aeab84db682
KSFO,KJFK,4151.786274993869,1741,7c54b0dd-e62f-4567-ac28-4aeab84db682
KSFO,KLAX,543.1892906332987,0338,270c33a3-bf04-4193-b7af-eeab982cb881
KSFO,KLAX,543.1892906332987,0338,270c33a3-bf04-4193-b7af-eeab982cb881
KSFO,KLAX,543.1892906332987,1943,febf7fbd-baa5-4372-abb6-674acf67f7cd
KSFO,KLAX,543.1892906332987,1943,febf7fbd-baa5-4372-abb6-674acf67f7cd
KSFO,KLGA,4141.002439903863,1835,d24a851e-2cc0-47db-bf4a-757a33f858cd
KSFO,KLGA,4141.002439903863,1835,d24a851e-2cc0-47db-bf4a-757a33f858cd
KSFO,KLGA,4141.002439903863,2400,cf82af4c-d35a-4281-9510-d4786d46464a
KSFO,KLGA,4141.002439903863,2400,cf82af4c-d35a-4281-9510-d4786d46464a
KSFO,KORD,2963.963188844591,0416,f30f1eab-5d41-4bce-b4d2-b6854ddbad93
KSFO,KORD,2963.963188844591,0416,f30f1eab-5d41-4bce-b4d2-b6854ddbad93
KSFO,KPHX,1046.4772882214286,1114,77932919-19f2-40cd-81f5-8fbcb74cb00b
KSFO,KPHX,1046.4772882214286,1114,77932919-19f2-40cd-81f5-8fbcb74cb00b
KSFO,KSFO,0.0,0740,2d17efdc-9fef-4dc4-83d3-ce0707e22b46
KSFO,KSFO,0.0,0740,2d17efdc-9fef-4dc4-83d3-ce0707e22b46
